CREATE DATABASE  IF NOT EXISTS `corresdacm` /*!40100 DEFAULT CHARACTER SET latin1 */;
USE `corresdacm`;
-- MySQL dump 10.13  Distrib 8.0.31, for Win64 (x86_64)
--
-- Host: localhost    Database: corresdacm
-- ------------------------------------------------------
-- Server version	5.7.38-log

/*!40101 SET @OLD_CHARACTER_SET_CLIENT=@@CHARACTER_SET_CLIENT */;
/*!40101 SET @OLD_CHARACTER_SET_RESULTS=@@CHARACTER_SET_RESULTS */;
/*!40101 SET @OLD_COLLATION_CONNECTION=@@COLLATION_CONNECTION */;
/*!50503 SET NAMES utf8 */;
/*!40103 SET @OLD_TIME_ZONE=@@TIME_ZONE */;
/*!40103 SET TIME_ZONE='+00:00' */;
/*!40014 SET @OLD_UNIQUE_CHECKS=@@UNIQUE_CHECKS, UNIQUE_CHECKS=0 */;
/*!40014 SET @OLD_FOREIGN_KEY_CHECKS=@@FOREIGN_KEY_CHECKS, FOREIGN_KEY_CHECKS=0 */;
/*!40101 SET @OLD_SQL_MODE=@@SQL_MODE, SQL_MODE='NO_AUTO_VALUE_ON_ZERO' */;
/*!40111 SET @OLD_SQL_NOTES=@@SQL_NOTES, SQL_NOTES=0 */;

--
-- Table structure for table `area`
--

DROP TABLE IF EXISTS `area`;
/*!40101 SET @saved_cs_client     = @@character_set_client */;
/*!50503 SET character_set_client = utf8mb4 */;
CREATE TABLE `area` (
  `idarea` int(11) NOT NULL AUTO_INCREMENT,
  `CLAVE` varchar(10) DEFAULT NULL,
  `AREAS` varchar(200) DEFAULT NULL,
  `JEFE` varchar(55) DEFAULT NULL,
  `CARGO` varchar(55) DEFAULT NULL,
  PRIMARY KEY (`idarea`)
) ENGINE=InnoDB AUTO_INCREMENT=127 DEFAULT CHARSET=latin1;
/*!40101 SET character_set_client = @saved_cs_client */;

--
-- Dumping data for table `area`
--

LOCK TABLES `area` WRITE;
/*!40000 ALTER TABLE `area` DISABLE KEYS */;
INSERT INTO `area` VALUES (1,'DO3-COY','D.A.E.S  NO. 3 (COYOACAN)','','DIRECCIÓN DE ATENCIÓN ESCOLAR NO. 3'),(2,'AEJ','AREA DE ENLACE JURIDICO','LIC. CARLOS ALBERTO FERNANDEZ VILLA','JEFE DEL AREA DE ENLACE JURIDICO'),(3,'AFSEDF','AUTORIDAD EDUCATIVA FEDERAL EN LA CDMX','','AEFCM.'),(4,'AQD','AREA DE QUEJAS Y DENUNCIAS','LIC. PORFIRIO ROSAS CRUZ','TITULAR DEL AREA DE QUEJAS,DENUNCIAS E INVESTIGACIONES'),(5,'AQDAFSE','AREA DE QUEJAS DE LA ADMON. FEDERAL DE SERVICIOS EDUC. EN EL D.F.','LIC. MARTHA LAURA ESPITIA SOLIS','TITULAR DEL AREA DE QUEJAS'),(6,'AR','AREA DE RESPONSABILIDADES','',''),(7,'CADGOSE','COORDINADOR ADMINISTRATIVO DE LA DIR. GRAL DE OPERACION SERVICIOS EDUCATIVOS','RAFAEL COBA','COORDINACCIÓN  ADMINISTRATIVA DE LA DGOSE'),(8,'CAJ','COORDINACION DE ASUNTOS JURIDICOS','DAVID ACEVEDO SOTELO','COORDINADOR DE ASUNTOS JURIDICOS Y TRANSPARENCIA'),(9,'CDIAR','CENTRO DE DESARROLLO INFORMATICO ARTURO ROSENBLUETH','ING. SOCRATE MUÑIZ ZAFRA','DIRECTOR'),(10,'CNDH','COMISION NACIONAL DE DERECHOS HUMANOS','',''),(11,'CONAPRED','CONSEJO NACIONAL PARA PREVENIR LA DISCRIMINACIÓN','MTRO. JOSE RAFAEL HERNANDEZ BAEZ','        DIRECTOR DE RECLAMACIONES'),(12,'CPS','COORDINACION DE PRESTACIONES Y SERVS. AL PERSONAL','MARIA GUADALUPE MEJIA LOPEZ','ENCARGADA DE LA OFICINA DE PRESTACIONES Y SERVS.'),(13,'CSAF','DIRECCION GENERAL  DE ADMINISTRACION','ING. ALEJANDRO GONZALEZ RUIZ','COORDINADOR SECTORIAL DE ADMINSITRACION Y FINANZAS'),(14,'CSEP','COORDINACION SECTORIAL DE EDUCACION PRIMARIA','ROSA GABRIELA GORDILLO DIAZ','COORDINADORA SECTORIAL DE EDUCACION PRIMARIA'),(15,'CSES','COORDINACION SECTORIAL DE EDUCACION SECUNDARIA','ERNESTO GUTIERREZ GARCES','COORDINACION  SECTORIAL DE EDUCACION SECUNDARIA'),(16,'DACM','DIRECCION DE ACTUALIZACION Y CENTRO DE MAESTROS','DRA. ADELA GUERRERO REYES',' SECRETARIA TECNICA DEL COMITE'),(17,'DAJ','DEPARTAMENTO DE APOYO JURIDICO','LIC. ENRIQUE A. GOMEZ MOLINA','DEPARTAMENTO DE APOYO JURIDICO'),(18,'SCE','SUBDIRECCION PARA LA CALIDAD EDUCATIVA','OSCAR LUNA CRESCENCIO','SUBDIRECCION PARA LA CALIDAD EDUCATIVA'),(19,'DEE','DIRECCION DE EDUCACION ESPECIAL','',''),(20,'DEM','DIRECCION GENERAL DE ADMINSITRACION DE PERSONAL','C.P. JORGE RODRIGUEZ DOMINGUEZ','DIRECTOR DE EMPLEO'),(21,'DGA','COORDINACION  GENERAL ADJUNTA DE RECURSOS HUMANOS','JULIO CESAR CALVARIO SANCHEZ','COORDINADOR GENERAL ADJUNTO DE RECURSOS HUMANOS'),(22,'DGAEDF','DIRECCION GENERAL DE ASUNTOS EDUCATIVOS DEL D.F.','C.- RODOLFO SANCHEZ','SUBDIRECTOR DE INCIDENCIAS'),(23,'DGAJ','UNIDAD  DE ASUNTOS JURIDICOS','JOSE ALFREDO SANCHEZ CUANALO','SUBDIRECTOR DE ASUNTOS PENALES Y LABORALES'),(24,'DGAP','DIRECCION GENERAL DE ADMINISTRACION DE PERSONAL','LIC. JOAQUIN FRANCISCO GUZMAN LOPEZ','DIRECTOR GENERAL DE ADMINISTRACION DE PERSONAL'),(25,'DGB','DIRECCIÓN GENERAL DEL BACHILLERATO','LIC. GUILLERMO E. AYALA ALVAREZ','DIRECTOR DE SALUD Y SEGURIDAD EN LAS ESCUELAS'),(26,'DGDC','DIRECCION GENERAL DE DESARROLLO CURRICULAR','',''),(27,'DGEE','DIRECCION GENERAL DE  EXTENSION EDUCATIVA','LIC. GABRIELA FRIEDERICH','DIRECTORA DE PROGRAMAS DE INNOVACION EDUCATIVA'),(28,'DGEMS','','',''),(29,'DGICO','DIRECCION GENERAL DE INNOVACIÓN, CALIDAD Y ORGANIZACIÓN','',''),(30,'DGIFA','DIRECCION GENERAL DE INNOVACION Y FORTALECIMIENTO ACADEMICO','LIC. GUILLERMO E. AYALA ALVAREZ','DRIECTOR GENERAL DE INNOVACION Y FORTALECIMIENTO ACADEM'),(31,'DGIR','DIRECCION GENERAL DE INCORPORACION Y REVALIDACION','',''),(32,'DGOSE','DIRECCION GENERAL DE OPERACION DE SERVICIOS EDUCATIVOS EN EL D.F.','RENE M. FRANCO RODRIGUEZ','DIRECCION GENERAL DE OPERACION DE SERVICIOS EDUCATIVOS'),(33,'DGP','DIRECCION GENERAL DE PERSONAL EN EL D.F.','LIC. MA. EUGENIA CASTELLON DE LEON','DIRECTORA GENERAL DE PERSONAL EN EL D.F.'),(34,'DGPDF','DIRECCION GENERAL DE PERSONAL EN EL D.F.','',''),(35,'DGPPEE','DIRECCION GENERAL DE PLANEACION, PROGRAMACION Y EVALUAC ION EDUCATIVA','',''),(36,'DGPPP','DIRECCION GENERAL DE PLANEACION, PROG. Y PRESUP.','ARQ. GUILLERMO BOSH OLIVARES','COORDINADOR ADMINISTRATIVO'),(37,'DGRF','DIRECCION GENERAL DE RECURSOS FINANCIEROS','LIC.A DALBERTO DE LUNA ZUÑIGA','DIRECTOR DE PAGOS'),(38,'DGRI','DIRECCIÓN GENERAL DE RELACIONES INTERNACIONALES','',''),(39,'DGRM','DIRECCION  DE RECURSOS MATERIALES Y SERVICIOS','OSCAR R. RUIZ RUBIO','DIRECTOR DE RECURSOS MATERIALES Y SERVICIOS'),(40,'DGSEI','DIRECCION GENERAL DE SERVICIOS EDUCATIVOS DE IZTAPALAPA','',''),(41,'DIEPPE','DIRECCION DE INCORPORACION DE ESC. PARTICULARES Y PROYECTOS E.','FANY ROA ZAVALA','DIRECTORA DE INCORPORACION DE ESCUELAS PARTICULARES'),(42,'DNRL','DIRECCION DE NORMATIVIDAD Y RELACIONES LABORALES','ESMERALDA LUCERO ORTIZ HERNANDEZ','DIRECCION  DE NORMATIVIDAD Y RELACIONES LABORALES'),(43,'DO2-GAM','D.A.E.S  NO. 2 (G.A.M.)','MARÍA E. DE LA PAZ NAVARRO','DIRECCIÓN DE ATENCIÓN ESCOLAR NO. 2'),(44,'DO1-AO','D.A.E.S  NO. 1 (ALVARO OBREGÓN)','ROMELIA E. CORONA LÓPEZ','DIRECCIÓN DE ATENCIÓN ESCOLAR NO. 1'),(45,'DO2-AZCA','D.A.E.S  NO. 2 (AZCAPOTZALCO)','MARÍA E. DE LA PAZ NAVARRO','DIRECCIÓN DE ATENCIÓN ESCOLAR NO. 2'),(46,'DO1-CM','D.A.E.S  NO. 1 (CUAJIMALPA DE MORELOS)','ROMELIA E. CORONA LÓPEZ','DIRECCIÓN DE ATENCIÓN ESCOLAR NO. 1'),(47,'DO1-CUA','D.A.E.S  NO. 1 (CUAUHTEMOC)','ROMELIA E. CORONA LÓPEZ','DIRECCIÓN DE ATENCIÓN ESCOLAR NO. 1'),(48,'DO1-MH','D.A.E.S  NO. 1 (MIGUEL HIDALGO)','ROMELIA E. CORONA LÓPEZ','DIRECCIÓN DE ATENCIÓN ESCOLAR NO. 1'),(49,'ACTD','DEPARTAMENTO DE ACTUALIZACION Y CAPACITACION','PROFA. AYMET QUIROZ QUIROZ','ENCARGADA DEL DEPARTAMENTO DE ACTUALIZACION'),(51,'DRB','DIRECCIÓN DE RELACIONES BILATERALES','DR. JUAN JOSÉ SERRATO VELASCO','DIRECTOR DE RELACIONES BILATERALES'),(52,'DSSE','DIRECCIÓN DE SALUD Y SEGURIDAD EN LAS ESCUELAS','LIC. GUILLERMO E. AYALA ALVAREZ','DIRECTOR DE SALUD Y SEGURIDAD EN LAS ESCUELAS'),(53,'DST','DIRECTORA DEL SECRETARIADO TECNICO DE LA AFSEDF','LIC. MA. GUADALUPE RAMIREZ CEDILLO','DIRECTORA DEL SECRETARIADO TECNICO DE LA AFSEDF'),(54,'GDF','CIUDAD DE MEXICO','',''),(55,'NC','NIVEL CENTRAL','PROFA. ROSIO VAZQUEZ QUINTERO','ENCARGADA DE PAGADURIA'),(56,'OIC','ORGANO INTERNO DE CONTROL EN LA AFSEDF','ROBERTO COLIN GAMBOA','TITULAR DEL ORGANO INTERNO DE CONTROL'),(57,'OM','OFICIALIA MAYOR','',''),(58,'OTRO','OTROS','',''),(59,'PFP','POLICIA FEDERAL','MTRA. MARIA DE JESUS RUIZ PIÑA','DIRECTORA GENERAL DE COTNROL DE CONFIANZA'),(60,'PGJ','PROCURADURIA GENERAL DE JUSTICIA EN EL D.F.','LIC. GERARDO SEPULVEDA MARIN','AGENTE DEL MINISTERIO PUBLICO'),(61,'PGR','PROCURADURIA GENERAL DE LA REPUBLICAw','',''),(62,'PJF','PODER JUDICIAL DE LA FEDERACION','',''),(63,'PR','PRESIDENCIA DE LA REPUBLICA','ARQ. GUILLERMO BOSH OLIVARES','COORDINADOR ADMINISTRATIVO'),(64,'RF','DEPARTAMENTO DE RECURSOS FINANCIEROS','LUIS HERNANDEZ MURILLO','DEPARTAMENTO  RECURSOS FINANCIEROS'),(65,'RM','DEPARTAMENTO DE RECURSOS MATERIALES Y SERVICIOS','TANIA MINEA ARCOS JUAREZ','JEFE DEL DEPARTAMENTO DE RECURSOS MATERIALES Y SER'),(66,'SAP','SUBDIRECCION DE ADMINISTRACION Y PERSONAL','CARLOS ALBERTO FERNANDEZ VILLA','SUBDIRECCIÓN  DE ADMINISTRACIÓN Y PERSONAL'),(67,'SATC','SUBDIRECCION DE APOYO TECNICO COMPLEMENTARIO','ELSA IMELDA LOPEZ PADILLA','SUBDIRECCION  DE APOYO TEC. COMPLEMENTARIO'),(68,'SCDGOSE','SUBDIRECCIÓN DE COORDINACIÓN DE LA DEGOSE','RAFAEL COBA ORTIZ','SUBDIRECCION  DE COORDINACIÓN'),(69,'SEB','SUBSECRETARÍA DE EDUCACIÓN BÁSICA','',''),(70,'SEMS','SUBSECRETARIA DE EDUCACION MEDIA SUPERIOR','',''),(71,'SIP','SUBDIRECCION DE INTEGRACION PROGRAMATICA','LIC. FIDEL GONZALEZ  SOSA','ENCARGADO DE LA SUBDIR.  DE INTEGRACION PROGRAMATICA'),(72,'SNTE SEC X','SINDICATO NACIONAL DE TRABAJADORES DE LA EDUCACIÓN SECCIÓN X','PROF. GUSTAVO VERA FRANCO','SECRETARIO GENERAL DE LA SECCIÓN X'),(73,'SNTE XI','SINDICATO NACIONAL DE TRABAJADORES DE LA EDUCACION SECC. XI','PROFR. FELIPE ANTUNEZ LUNA','SECRETARIO GENERAL DE LA SECC. XI'),(74,'SNTE/CEN','SINDICATO NACIONAL DE TRABAJADORES DE LA EDUCACIÓN COMITÉ EJECUTIVO NACINAL','PROFA. MA. CONCEPCION VILLA Y DAVILA','DIRECTORA OPERATIVA 1'),(75,'SO','SUBDIRECCION DE OPERACION','','SUBDIRECCION  DE OPERACION'),(76,'SUI','DIRECCION GENERAL DE ADMINSITRACION DE PERSONAL','LIC. JOSE LUIS FUENTES CEREZO','SUBDIRECTOR DE INCIDENCIAS'),(77,'UAMASI','UNIDAD ATENCION AL MALTRATO ABUSO SEXUAL INFANTIL','ADRIANA GUTIERREZ AVILA','JEFE DE LA UNIDAD  DE ATENCION  UAMASI'),(78,'UCE','UNIDAD DE COORDINACION EJECUTIVA','FEDERICO LUIS MUÑIZ RUIZ','ASESOR DE LOS DERECHOS HUMANOS'),(79,'UNAM','DIRECCIÓN GENERAL DE ORIENTACIÓN Y SERVICIOS EDUCATIVOS','',''),(80,'FGJ','FISCALIA GENERAL DE JUSTICIA','','AGENTE DEL MINISTERIO PUBLICO'),(81,'STDGOSE','SECRETARIA TECNICA DE LA DGOSE','LIC. MA. LUISA VALENCIA DURAN','SECRETARIA TECNICA DE LA DGOSE'),(82,'GESTD','DEPARTAMENTO DE GESTION ESCOLAR','LIC. FERNANDO RICARDO VALDÉS RODRÍGUEZ','JEFE DEL DEPARTAMENTO DE GESTION ESCOLAR'),(83,'DCE','DEPARTAMENTO DE CONTROL ESCOLAR','LETICIA BERNAL CEREZO','JEFA DEL DEPARTAMENTO DE CONTROL ESCOLAR'),(84,'SUC','SUBDIRECCION DE COORDINACION','LIC. ADRIANA CAROLINA  CABRERA GOMEZ','SUBDIRECCION  DE COORDINACION'),(87,'USDOCENTE','UNIDAD DEL SERVICIO PROFESIONAL DOCENTE','PROFA. ANA MARIA CAMPUZANO BARRIGA','JEFA DE LA UNIDAD DE SERVICIOS PROFESIONAL DOCENTE'),(88,'ACA','AREA DE CONTROL Y ASISTENCIA','ALBERTOGUTIERREZ  RAMIREZ','ENCARGADO  DEL AREA DE CONTROL Y ASISTENCIA'),(90,'UBASIF','UNIDAD DE BASIFICACION','C. AIDA ARACELI REYNOSO GARCIA','RESPONSABLE DE LA UNIDAD DE BASIFICACIONES'),(91,'UASNTE','UNIDAD DE ATENCION AL S.N.T.E.','LIC. JESUS PEREZ OSORNO','RESP. DE LA UNIDAD DE ATENCION AL S.N.T.E.'),(93,'DES','DEPARTAMENTO DE EVALUACION DEL SERVICIO','ING. VICTOR PATRON RIVERA','ENCARGADO DEL DEPARTAMENTO DE EVALUACION DEL SERVICIO'),(94,'DPA','DEPARTAMENTO DE PROYECTOS ACADEMICOS','PROF. JAIME MARTINEZ SANCHEZ','ENCARGADO DEL DEPTO. DE PROYECTOS ACADEMICOS'),(95,'UDM','0FICINA DE DISTRIBUCION DE MATERIAL Y ALMACENES','C.P. ELEONOR  MURILLO HERNANDEZ','JEFE DE LA OFICINA DE DISTRIBUCION DE MATERIAL Y ALMACE'),(96,'EIDP','ENLACE INFORMATICA DEL DEPARTAMENTO  DE PERSONAL','ING. ANTONIO BLANQUER COCA','ENLACE INFORMATICO DEL DEPTO. DE PERSONAL'),(97,'URL','COORDINACION DE PRESTACIONES Y SERVICIOS','MARIA GUADALUPE MEJIA LOPEZ','ENCARGADA DE LA OFICINA DE SERVICIOS AL PERSONAL'),(98,'DGENAM','DIRECCION GENERAL DE EDUCACION NORMAL Y ACTUALIZACION DEL MAGISTERIO','SIMON G. TREJO SANTOS','DIRECTOR DE FORMACION INICIAL'),(99,'CAPDGOSE','COORDINACION DE LAS AREAS DE PERSONAL DE LOS NIVELES EDUCATIVOS DE LA DGOSE','PROFA. MA. DE LOURDES MEDEL PELAEZ','COORDINADORA DE AREA DE PERSONAL DE LA DGOSE'),(101,'STAFSEDF','ADMINISTRACION FEDERAL DE SERVICIOS EDUCATIVOS EN EL D.F.','LIC. MARIA GUADALUPE  RAMIREZ CEDILLO','SECRETARIA TECNICA AFSEDF'),(103,'OIRM','OFINICA DE INVENTARIOS','PROF. MIGUEL GUEVARA CARDEN','JEFE DE LA OFICINA DE INVENTARIOS'),(105,'CER','COORDINACION DE EMPLEO Y REMUNERACIONES','PROFA.  ELIZABETH QUINTERO ALVAREZ','ENCARGADA DE LA COORD. DE EMPLEO Y REMUNERACIONES'),(106,'SEE','SUBDIRECTOR DE EVALUACION EDUCATIVA','','SUBDIRECCION DE EVALUACION EDUCATIVA'),(107,'OFCAP','UNIDAD DE CAPACITACION','LIC. LUIS VILLAGRAN MAGOS','OFICINA  DE CAPACITACION Y DESARROLLO DE PERSONAL'),(108,'DECC','DIRECCION GENERAL ADJUNTA DE EVALUACION DE CONFIANZA','LIC. CLAUDIA MOLINA VALLE','DIRECCION DE ENTORNO SOCIAL Y SITTUACION  PATRIMONIAL'),(109,'CSEPRESC','COORDINACION SECTORIAL DE  EDUCACION PREESCOLAR','MTRA. ROCIO GUADLUPE JARAMILLO FLORES','COORDINACION SECTORIAL  DE EDUCACION PREESCOLAR'),(110,'TFJA','TRIBUNAL  FEDRAL DE JUSTICIA ADMINSITRATIVA','',''),(111,'DPCIVILES','DIRECCION DE PROCESOS JURISDICCIONALES','MARGARITO GUILLEN ALVAREZ','DIRERCCION  DE PROCESOS JURISDICCIONALES'),(112,'D.A.L.D.','UNIDAD DE ASUNTOS JURIDICOS LABORALES Y DICTAMENES','LAURA NELI ROBLERO MORALES','JEFA DEL DEPTO DE ASUNTOSLABORALES Y DICTAMENES'),(113,'DO3-IZTA','D.A.E.S  NO. 3 (IZTACALCO)','MARIO PEREZ MEDINA','DIRECCIÓN DE ATENCIÓN ESCOLAR NO. 3'),(114,'DO3-VC','D.A.E.S  NO. 3 (VENUSTIANO CARRANZA)','','DIRECCIÓN DE ATENCIÓN ESCOLAR NO. 3'),(115,'DO3-TELE','D.A.E.S  NO. 3 (IZTAPALAPA TELESEC.)','MARIO PÉREZ MEDINA','DIRECCIÓN DE ATENCIÓN ESCOLAR NO. 3'),(116,'DO3-BJ','D.A.E.S  NO. 3 (BENITO JUAREZ)','MARIO PÉREZ MEDINA','DIRECCIÓN DE ATENCIÓN ESCOLAR NO. 3'),(117,'DO4-MIL','D.A.E.S  NO. 4 (MILPA ALTA)','PROF. GABRIEL DIONISIO TELLEZ','DIRECCIÓN DE ATENCIÓN ESCOLAR NO. 4'),(118,'DO4-TLAH','D.A.E.S  NO. 4 (TLAHUAC)','PROF. GABRIEL DIONISIO TELLEZ','DIRECCIÓN DE ATENCIÓN ESCOLAR NO. 4'),(119,'DO4-TLAL','D.A.E.S  NO. 4 (TLALPAN)','PROF. GABRIEL DIONISIO TELLEZ','DIRECCIÓN DE ATENCIÓN ESCOLAR NO. 4'),(120,'DO4-XO','D.A.E.S  NO. 4 (XOCHIMILCO)','PROF. GABRIEL DIONISIO TELLEZ','DIRECCIÓN DE ATENCIÓN ESCOLAR NO. 4'),(121,'DO4-MAG','D.A.E.S  NO. 4 (MAGDALENA CONTRERAS)','PROF. GABRIEL DIONISIO TELLEZ','DIRECCIÓN DE ATENCIÓN ESCOLAR NO. 4'),(122,'DO1','D.A.E.S  NO. 1','ROMELIA E. CORONA LÓPEZ','DIRECCIÓN DE ATENCIÓN ESCOLAR NO. 1'),(123,'DO2','D.A.E.S  NO. 2','MARÍA E. DE LA PAZ NAVARRO','DIRECCIÓN DE ATENCIÓN ESCOLAR NO. 2'),(124,'DO3','D.A.E.S  NO. 3','','DIRECCIÓN DE ATENCIÓN ESCOLAR NO. 3'),(125,'DO4','D.A.E.S  NO. 4','PROF. GABRIEL DIONISIO TELLEZ','DIRECCIÓN DE ATENCIÓN ESCOLAR NO. 4'),(126,'PERSONAL','DEPARTAMENTO DE PERSONAL','ORLANDO ARREOLA MEDINA','DEPARTAMENTO DE PERSONAL');
/*!40000 ALTER TABLE `area` ENABLE KEYS */;
UNLOCK TABLES;

--
-- Table structure for table `areas_responsables`
--

DROP TABLE IF EXISTS `areas_responsables`;
/*!40101 SET @saved_cs_client     = @@character_set_client */;
/*!50503 SET character_set_client = utf8mb4 */;
CREATE TABLE `areas_responsables` (
  `id_area` int(11) NOT NULL AUTO_INCREMENT,
  `area` varchar(60) DEFAULT NULL,
  PRIMARY KEY (`id_area`)
) ENGINE=InnoDB AUTO_INCREMENT=17 DEFAULT CHARSET=latin1;
/*!40101 SET character_set_client = @saved_cs_client */;

--
-- Dumping data for table `areas_responsables`
--

LOCK TABLES `areas_responsables` WRITE;
/*!40000 ALTER TABLE `areas_responsables` DISABLE KEYS */;
INSERT INTO `areas_responsables` VALUES (1,'SUBDIRECCION DE ADMINISTRACION Y PERSONAL'),(2,'SUBDIRECCION DE APOYO TECNICO COMPLEMENTARIO'),(3,'SUBDIRECCION DE OPERACION'),(4,'SUBDIRECCION DE COORDINACION'),(5,'SUBDIRECCION DE EVALUACION EDUCATIVA'),(6,'SUBDIRECCION PARA LA CALIDAD EDUCATIVA'),(7,'DIRECCION OPERATIVA NO. 1'),(8,'DIRECCION OPERATIVA NO. 2'),(9,'DIRECCION OPERATIVA NO. 3'),(10,'DIRECCION OPERATIVA NO. 4'),(11,'____________________________________________________________'),(16,'CSES');
/*!40000 ALTER TABLE `areas_responsables` ENABLE KEYS */;
UNLOCK TABLES;

--
-- Table structure for table `cat`
--

DROP TABLE IF EXISTS `cat`;
/*!40101 SET @saved_cs_client     = @@character_set_client */;
/*!50503 SET character_set_client = utf8mb4 */;
CREATE TABLE `cat` (
  `idcat` int(11) NOT NULL AUTO_INCREMENT,
  `CLAVE` varchar(10) DEFAULT NULL,
  `DEPTO` varchar(200) DEFAULT NULL,
  `JEFE` varchar(55) DEFAULT NULL,
  `CARGO` varchar(55) DEFAULT NULL,
  PRIMARY KEY (`idcat`)
) ENGINE=InnoDB AUTO_INCREMENT=69 DEFAULT CHARSET=latin1;
/*!40101 SET character_set_client = @saved_cs_client */;

--
-- Dumping data for table `cat`
--

LOCK TABLES `cat` WRITE;
/*!40000 ALTER TABLE `cat` DISABLE KEYS */;
INSERT INTO `cat` VALUES (1,'DO4-MAG','D.A.E.S  NO. 4 (MAGDALENA CONTRERAS)','PROF. GABRIEL DIONISIO TELLEZ','DIRECCIÓN DE ATENCIÓN ESCOLAR NO. 4'),(2,'AEJ','AREA DE  ENLACE JURIDICO','LIC. CARLOS  ALBERTO FERNANDEZ VILLA','JEFE DEL ÁREA DE ENLACE JURIDICO'),(3,'APC','AREA DE  COMISIONADO','PROF. ALBERTO GUTIERREZ RAMIREZ','AREA DE PERSONAL COMISIONADO'),(4,'CAJ','COORDINACION DE ASUNTOS JURIDICOS','LIC. JAVIER MEJIA ESTAÑOL','SUBDIRECTOR DE ASUNTOS PENALES Y LABORALES'),(5,'CE','UNIDAD DE CONTROL Y ENVIO','PROF. CESAR MENDOZA ALDANA','JEFE DE LA UNIDAD DE CONTROL Y ENVIO'),(6,'CER','COORDINACION DE EMPLEO Y REMUNERACIONES','ELISABETH QUINTERO','ENCARGADA DE LA COORDINACION  DE EMPLEO Y REMUNERACIONE'),(7,'CSAF','DIRECCION GENERAL DE ADMINSITRACION','ING. ALEJANDRO GONZALEZ RUIZ','COORDINADOR SECTORIAL DE ADMINSITRACION Y FINANZAS'),(8,'CSES','COORDINACION SECTORIAL DE EDUCACION SECUNDARIA','ERNESTO GUTIERREZ GARCES','COORDINACION  SECTORIAL DE EDUCACION SECUNDARIA'),(9,'DA','DEPARTAMENTO DE ACTUALIZACION Y CAPACITACION','LIC. LAURA LILIA FLORES ESTAÑOL','JEFA   DEL DEPARTAMENTO. DE ACTUALIZACION'),(10,'DCE','DEPTO. DE CONTROL ESCOLAR','LETICIA BERNAL CEREZO','JEFA DE DEPARTAMENTO DE CONTROL ESCOLAR'),(11,'DEA','DEPARTAMENTO DE EDUCACION  TECNOLOGICA Y ARTISTICA','LIC. LIZBETH JOSEFINA ROBLEDO CLEMENTE','JEFA DEL DEPARTAMNENTO DE EDUCACION TECNOLOGICA'),(12,'DO4-XO','D.A.E.S  NO. 4 (XOCHIMILCO)','PROF. GABRIEL DIONISIO TELLEZ','DIRECCIÓN DE ATENCIÓN ESCOLAR NO. 4'),(13,'DGE','RESPONSABLE DEL DEPTO. DE GESTION ESCOLAR','LIC. FERNANDO RICARDO VALDÉS  RODRÍGUEZ','JEFE DEL  DEPARTAMENTO DE GESTION ESCOLAR'),(14,'DGEST','DIRECCION GENERAL DE SECUNDARIAS TECNICAS','LIC. ERNESTO GUTIERREZ GARCES','DIRECTOR GENERAL'),(15,'DGIFA','DIRECCION GENERAL DE INNOVACION Y FORTALECIMIENTO ACADEMICO','LIC. GUILLERMO E. AYALA ALVAREZ','DIRECTOR GENERAL DE INNOVACION Y FORTALECIMIENTO ACADEM'),(16,'DNRL','DIRECCION DE NORMATIVIDAD Y RELACIONES LABORALES','ESMERALDA LUCERO ORTIZ HERNANDEZ','DIRECCION DE  NORMATIVIDAD Y RELACIONES LABORALES'),(17,'DO3-VC','D.A.E.S  NO. 3 (VENUSTIANO CARRANZA)','MARIO PEREZ MEDINA','DIRECCIÓN DE ATENCIÓN ESCOLAR NO. 3'),(18,'DO3-IZTA','D.A.E.S  NO. 3 (IZTACALCO)','MARIO PEREZ MEDINA','DIRECCIÓN DE ATENCIÓN ESCOLAR NO. 3'),(19,'DO2-AZCA','D.A.E.S  NO. 2 (AZCAPOTZALCO)','MARÍA E. DE LA PAZ NAVARRO','DIRECCIÓN DE ATENCIÓN ESCOLAR NO. 2'),(20,'DO3-COY','D.A.E.S  NO. 3 (COYOACAN)','MARIO PEREZ MEDINA','DIRECCIÓN DE ATENCIÓN ESCOLAR NO. 3'),(21,'DO2-GAM','D.A.E.S  NO. 2 (G.A.M.)','MARÍA E. DE LA PAZ NAVARRO','DIRECCIÓN DE ATENCIÓN ESCOLAR NO. 2'),(22,'DO1-MH','D.A.E.S  NO. 1 (MIGUEL HIDALGO)','ROMELIA E. CORONA LÓPEZ','DIRECCIÓN DE ATENCIÓN ESCOLAR NO. 1'),(23,'DO1-CM','D.A.E.S  NO. 1 (CUAJIMALPA)','ROMELIA E. CORONA LÓPEZ','DIRECCIÓN DE ATENCIÓN ESCOLAR NO. 1'),(24,'ACA','AREA DE CONTROL Y ASISTENCIA','RAFAEL ALBERTO GRANADOS CARDENAS','AREA DE CONTROL DE ASISTENCIA Y PAGADURIA'),(25,'DOS','AREA  DE ORGANIZACION DE SISTEMAS','SERGIO SEGOVIA VARELA','ENCARGADO DEL AREA . DE ORG. DE SISTEMAS'),(26,'DP','DEPARTAMENTO DE PROCESO','','AREA  DE PROCESOS'),(27,'DPA','DEPARTAMENTO DE PROYECTOS ACADEMICOS','LIC. ELSA IMELDA LOPEZ PADILLA','JEFA   DEL DEPTO. DE PROYECTOS ACADEMICOS'),(28,'DPE','DEPARTAMENTO DE PROGRAMAS EXTRAESCOLARES','C. ADA  ELSA MENDOZA RIVERA','JEFA  DEL DEPTO. DE PROGRAMAS EXTRAESCOLARES'),(29,'DPP','AREA DE PLANEACION Y PROGRAMACION','VICTOR  MANUEL PATRON RIVERA','RESPONSABLE  DE PLANEACION Y PROGRAMACION'),(30,'DO4-TLAL','D.A.E.S  NO. 4 (TLALPAN)','PROF. GABRIEL DIONISIO TELLEZ','DIRECCIÓN DE ATENCIÓN ESCOLAR NO. 4'),(31,'DTC','DEPARTAMENTO APOYO TECNICO COMPLEMENTA','PROF. RICARDO GONZALEZ MARQUEZ','JEFE DEL DEPTO. DE APOYO TEC. COMPLEMENTARIO'),(32,'OIRM','OFICINA  DE INVENTARIOS','PROF. MIGUEL GUEVARA CARDEN','JEFE DE LA OFICINA DE INVENTARIOS'),(33,'DO4-TLAH','D.A.E.S  NO. 4 (TLAHUAC)','PROF. GABRIEL DIONISIO TELLEZ','DIRECCIÓN DE ATENCIÓN ESCOLAR NO. 4'),(34,'OIC','ORGANO INTERNO DE CONTROL  EN LA AFSEDF','ELIZABETH RAMIREZ TORRES','TITULAR DEL ORGANO INTERNO DE CONTROL'),(35,'OP','OFICINA DE PAGADURIA','RAFAEL ALBERTO GRANADOS','JEFE DE LA OFICINA DE PAGADURIA'),(36,'RF','RECURSOS FINANCIEROS','LUIS HERNANDEZ MURILLO','RECURSOS FINANCIERO'),(37,'RM','RECURSOS MATERIALES Y SERVICIOS','TANIA  MINEA ARCOS JUAREZ','RECURSOS MATERIALES Y SERVICIOS'),(38,'SAP','SUBDIRECCION DE ADMINISTRACION Y PERSONAL','CARLOS ALBERTO FERNANDEZ VILLA','SUBDIRECCIÓN  DE ADMINISTRACIÓN Y PERSONAL'),(39,'SAT','SUBDIR. DE APOYO TECNICO COMPLEMENTARIO','ELSA IMELDA LOPEZ PADILLA','SUBDIRECCION   DE APOYO TECNICO COMPLEMENTARIO'),(40,'SEE','SUBDIRECCION DE EVALUACION EDUCATIVA','-','SUBDIRECTOR DE EVALUACION EDUCATIVA'),(41,'DO4-MIL','D.A.E.S  NO. 4 (MILPA ALTA)','PROF. GABRIEL DIONISIO TELLEZ','DIRECCIÓN DE ATENCIÓN ESCOLAR NO. 4'),(43,'SO','SUBDIRECCION DE OPERACION','LIC. VERONICA PALACIOS MENDEZ','SUBDIRECCION DE OPERACION'),(44,'PERSONAL','DEPARTAMENTO DE PERSONAL','ORLANDO ARREOLA MEDINA','DEPARTAMENTO DE PERSONAL'),(45,'DO3-BJ','D.A.E.S  NO. 3 (BENITO JUAREZ)','MARIO PEREZ MEDINA','DIRECCIÓN DE ATENCIÓN ESCOLAR NO. 3'),(46,'SUC','SUBDIRECCION DE COORDINACION','LIC. ADRIANA CAROLINA  CABRERA GOMEZ','SUBDIRECCION DE COORDINACION'),(47,'DO3-TELE','D.A.E.S  NO. 3 (IZTAPALAPA TELESEC.)','MARIO PEREZ MEDINA','DIRECCIÓN DE ATENCIÓN ESCOLAR NO. 3'),(48,'UAJ','DEPARTAMENTO DE APOYO JURIDICO','LIC. ENRIQUE ALFREDO GOMEZ MOLINA','ENCARGADO DEL DEPTO. DE APOYO JURIDICO'),(49,'DO1-AO','D.A.E.S  NO. 1 (ALVARO OBREGON)','ROMELIA E. CORONA LÓPEZ','DIRECCIÓN DE ATENCIÓN ESCOLAR NO. 1'),(50,'UC','UNIDAD DE CAPACITACION','LIC. LUIS VILLAGRAN MAGOS','OFICINA  DE CAPACITACION Y DESARROLLO DE PERSONAL'),(51,'UOP','UNIDAD DE OFICIALIA DE PARTES','C. SILVIA BAHENA HIPOLITO','JEFA DE LA UNIDAD DE OFICIALIA DE PARTES'),(52,'URL','COORDINACION DE PRESTACIONES Y SERVICIOS','MARIA GUADALUPE MEJIA LOPEZ','ENCARGADA DE LA OFICINA  DE SERVICIOS AL PERSONAL'),(53,'DO1-CUA','D.A.E.S  NO. 1  (CUAUHTEMOC)','ROMELIA E. CORONA LÓPEZ','DIRECCIÓN DE ATENCIÓN ESCOLAR NO. 1'),(54,'DS11','DELEGACION SINDICAL D-III-65 NIVEL CENTRAL','MARIA DEL CARMEN RANGEL BALBUENA','DELEGADA SINDICAL D-III-65'),(55,'STAFSEDF','ADMINISTRACION FEDERAL DE SERVICIOS EDUCATIVOS EN EL D.F.','LIC. MARIA GUADALUPE RAMIREZ CEDILLO','SECRETARIA TECNICA DE LA AFSEDF'),(56,'TFJA','TRIBUNAL FEDERAL DE JUSTICIA ADMINSTRATIVA','',''),(57,'D.A.L.D.','UNIDAD DE ASUNTOS JURIDICOS Y LABORALES Y DICTAMENES','LIC. MARTHA CECILIA RAMIREZ ZARAGOZA','JEFA DEL DEPTO. DE ASTOS. LABORALES Y DICTAMENES'),(58,'UB','AREA DE BASIFICACION','LAURA MARIA ISABEL BLANCO SANCHEZ','AREA DE BASIFICACION,TECHO FINANCIERO Y KARDEX'),(59,'UDM','OFICINA DEL DISTRIBUCION DE MATERIAL Y ALMACENES','ELEONOR  HERNANDEZ MURILLO','JEFA DE LA OFICINA DE DISTRIBUCION DE MATERIAL Y ALMACE'),(61,'CAPDGOSE','COORDINACION  DE LAS AREAS DE PERSONAL DE LOS NIVELES EDUCATIVOS DE LA DGOSE','PROFA. MA. DE LOURDES MEDEL PELAEZ','COORDINADORA DE LAS ARREAS DE PERSONAL  DE DGOSE'),(62,'USDOCENTE','UNIDAD DE SERVICIO PROFESIONAL DOCENTE','PROFA. ANA MARIA CAMPUZANO BARRIGA','JEFA DE LA UNIDAD DE SERVICIO PROFESIONAL DOCENTE'),(63,'DO1','D.A.E.S  NO. 1','ROMELIA E. CORONA LÓPEZ','DIRECCIÓN DE ATENCIÓN ESCOLAR NO. 1'),(64,'DO2','D.A.E.S  NO. 2','MARÍA E. DE LA PAZ NAVARRO','DIRECCIÓN DE ATENCIÓN ESCOLAR NO. 2'),(65,'DO3','D.A.E.S  NO. 3','MARIO PEREZ MEDINA','DIRECCIÓN DE ATENCIÓN ESCOLAR NO. 3'),(66,'DO4','D.A.E.S  NO. 4','PROF. GABRIEL DIONISIO TELLEZ','DIRECCIÓN DE ATENCIÓN ESCOLAR NO. 4'),(67,'SCE','SUBDIRECCION PARA LA CALIDAD EDUCATIVA','OSCAR LUNA CRESCENCIO','SUBDIRECCION PARA LA CALIDAD EDUCATIVA'),(68,'UAF','UNIDAD DE ADIMINSTRACION Y FINANZAS','MARIA DE JESUS PANTALEON PERALTA','COORDINADORA ADMINISTRATIVA  DE LA UAF');
/*!40000 ALTER TABLE `cat` ENABLE KEYS */;
UNLOCK TABLES;

--
-- Table structure for table `control`
--

DROP TABLE IF EXISTS `control`;
/*!40101 SET @saved_cs_client     = @@character_set_client */;
/*!50503 SET character_set_client = utf8mb4 */;
CREATE TABLE `control` (
  `idcontrol` int(11) NOT NULL AUTO_INCREMENT,
  `ENVIO` char(1) NOT NULL,
  `RESP` char(1) NOT NULL,
  `FOLIO` int(11) NOT NULL,
  `F_RECEP` date NOT NULL,
  `H_RECEP` varchar(5) NOT NULL,
  `SOLICITA` varchar(60) NOT NULL,
  `REASIGNA` char(1) NOT NULL,
  `CLAVE1` varchar(10) NOT NULL,
  `T_NOMBRE` varchar(60) NOT NULL,
  `T_CARGO` varchar(60) NOT NULL,
  `REMITE` varchar(200) NOT NULL,
  `TURNADO_A` varchar(200) NOT NULL,
  `R_CARGO` varchar(60) NOT NULL,
  `CLAVE2` varchar(10) NOT NULL,
  `R_AREA` varchar(60) NOT NULL,
  `N_OFICIO` varchar(45) NOT NULL,
  `TIPO_DOC` varchar(60) NOT NULL,
  `DESCRIP` longtext NOT NULL,
  `INDICA` varchar(60) NOT NULL,
  `FECHA_R` date NOT NULL,
  `RESPUESTA` varchar(250) NOT NULL,
  `NOMBRE_R` varchar(60) NOT NULL,
  `CARGO_R` varchar(60) NOT NULL,
  `NOMBRE_A` varchar(60) NOT NULL,
  `CARGO_A` varchar(60) NOT NULL,
  `ANTERIOR` varchar(60) NOT NULL,
  `CLASIFICA` varchar(20) NOT NULL,
  `CLASIFICA_N` char(3) NOT NULL,
  `CLASIFICA_L` varchar(10) NOT NULL,
  `PE` char(1) NOT NULL,
  `PROESP` varchar(250) NOT NULL,
  `ORIGINAL` char(1) NOT NULL,
  `CCP` char(1) NOT NULL,
  `USUARIO` varchar(13) NOT NULL,
  `CONTRASENA` varchar(10) NOT NULL,
  `DIA_HORA` varchar(60) NOT NULL,
  `OBSERVACIONES` longtext NOT NULL,
  `NUMERO` int(11) NOT NULL,
  `LIMITE` varchar(20) NOT NULL,
  `STATUS` varchar(50) NOT NULL,
  PRIMARY KEY (`idcontrol`),
  UNIQUE KEY `PRIMERO` (`FOLIO`,`F_RECEP`,`NUMERO`)
) ENGINE=InnoDB AUTO_INCREMENT=6 DEFAULT CHARSET=latin1;
/*!40101 SET character_set_client = @saved_cs_client */;

--
-- Dumping data for table `control`
--

LOCK TABLES `control` WRITE;
/*!40000 ALTER TABLE `control` DISABLE KEYS */;
INSERT INTO `control` VALUES (1,'E','',1,'2023-01-12','11:46','ESTHER   GARNICA ORDOÑEZ','R','','ALICIA C. REGIDRO ALTAMIRANO','DIRECTORA DE LA ESI-188','OTROS','COORDINACION SECTORIAL DE EDUCACION SECUNDARIA','ERNESTO GUTIERREZ GARCES','','COORDINACION  SECTORIAL DE EDUCACION SECUNDARIA','DGOSE/DO3/145/22','OFICIO','COPIA EN REFERENCIA A LA INCONFORMIDAD DE LA C. ESTHER GARNICA POR PRESUNTAS CONDUCTAS INAPROPIADAS EN AGRAVIO DE SU MENOR HIJA DE NOMBRE AEMDLCG DE PRIMER GRADO','PARA SU CONOCIMIENTO Y TRAMITE','1972-11-25','','','','','','CSES','ORDINARIO','10','DÍAS','','','1','0','CHIVIGON','KARLA5','17/01/2023 11:38:17 a. m.','',1,'',''),(2,'E','',2,'2023-01-17','11:38','ESTHER GARNICA ORDOÑEZ','','OTRO','ALICIA C. REGIDRORA ALTAMIRANO','DIRECTORA DE LA ESI-188','OTROS','COORDINACION SECTORIAL DE EDUCACION SECUNDARIA','COORDINACION  SECTORIAL DE EDUCACION SECUNDARIA','CSES','ERNESTO GUTIERREZ GARCES','DGOSE/DO3/145/2023','OFICIO','COPIA EN REFERNCIA A LA INCONFORMIDAD DE LA C. ESTHER GARNICA POR PRESUNTA CONDUCTA INAPROPIEDA EN AGRAVIO DE SU MENOR HIJA DE INICIALES M.D.L.C.G DE PRIMER GRADO','PARA SU CONOCIMIENTO Y TRAMITE','1972-11-25','','','','','','','ORDINARIO','10','DÍAS','','','1','0','CHIVIGON','KARLA5','17/01/2023 11:42:11 a. m.','',1,'',''),(3,'E','',3,'2023-01-17','11:46','SAUCEDO ORANTES ARACELI Y FIRMANTES','','DNRL','ESMERALDA LUCERO ORTIZ HERNANDEZ','DIRECCION  DE NORMATIVIDAD Y RELACIONES LABORALES','DIRECCION DE NORMATIVIDAD Y RELACIONES LABORALES','COORDINACION SECTORIAL DE EDUCACION SECUNDARIA','ERNESTO GUTIERREZ GARCES','','COORDINACION  SECTORIAL DE EDUCACION SECUNDARIA','AEFCM/UAF/DNYRL/467/2022','OFICIO','COPIA EN RELACION A SU PETICION DE INCREMENTO EN EL PORCENTAJE DE PAGO DE JORNADA AMPLIADA SE LE SUGIERE ACUDAN CON SU SECRETARIO GENERAL PARA QUE SE LES DE INFORMACION','PARA SU CONOCIMIENTO Y TRAMITE','1972-11-25','','','','','','','ORDINARIO','10','DÍAS','','','1','0','CHIVIGON','KARLA5','17/01/2023 12:27:18 p. m.','',1,'',''),(4,'E','',4,'2023-01-17','12:34','MISMO','','DGOSE','RENE M. FRANCO RODRIGUEZ','DIRECCION GENERAL DE OPERACION DE SERVICIOS EDUCATIVOS','DIRECCION GENERAL DE OPERACION DE SERVICIOS EDUCATIVOS EN EL D.F.','COORDINACION SECTORIAL DE EDUCACION SECUNDARIA','COORDINACION  SECTORIAL DE EDUCACION SECUNDARIA','CSES','ERNESTO GUTIERREZ GARCES','AEFCM/DGOSE/04154/2022','OFICIO','EN RELACION DEL DIA INTERNACIONAL DE LA ELIMINACION DE LA VIOLENCIA CONTRA LAS MUJERES SE REMITE CARTELES SE REQUIERRE REMISION DE LAS EVIDENCIAS FOTOGRAFICAS DE LA DIFUSION','PARA SU CONOCIMIENTO Y TRAMITE URGENTE','1972-11-25','','','','','','','URGENTE','03','DÍAS','','','1','0','CHIVIGON','KARLA5','19/01/2023 12:27:38 p. m.','',1,'',''),(5,'E','',5,'2023-01-19','12:28','VERONICA GABRIELA PALMA CALVA','','DGOSE','RENE M. FRANCO RODRIGUEZ','DIRECCION GENERAL DE OPERACION DE SERVICIOS EDUCATIVOS','DIRECCION GENERAL DE OPERACION DE SERVICIOS EDUCATIVOS EN EL D.F.','COORDINACION SECTORIAL DE EDUCACION SECUNDARIA','COORDINACION  SECTORIAL DE EDUCACION SECUNDARIA','CSES','ERNESTO GUTIERREZ GARCES','AEFCM/DGOSE/04132/2022','OFICIO','EN REFERENCIA AL ACTA ADMINISTRATIVA EN CONTRA DE PALMA CALVA POR PRESUNTA FALTA DE PRIORIDAD DE LA MENOR DE IDENTIDAD RESERVADA ADMC DE LA ESI-280','PARA SU CONOCIMIENTO Y TRAMITE','1972-11-25','','','','','','','ORDINARIO','10','DÍAS','','','1','0','CHIVIGON','KARLA5','19/01/2023 12:32:03 p. m.','',1,'','');
/*!40000 ALTER TABLE `control` ENABLE KEYS */;
UNLOCK TABLES;

--
-- Table structure for table `controlborrados`
--

DROP TABLE IF EXISTS `controlborrados`;
/*!40101 SET @saved_cs_client     = @@character_set_client */;
/*!50503 SET character_set_client = utf8mb4 */;
CREATE TABLE `controlborrados` (
  `idcontrol` int(11) NOT NULL AUTO_INCREMENT,
  `ENVIO` char(1) NOT NULL,
  `RESP` char(1) NOT NULL,
  `FOLIO` int(11) NOT NULL,
  `F_RECEP` date NOT NULL,
  `H_RECEP` varchar(5) NOT NULL,
  `SOLICITA` varchar(60) NOT NULL,
  `REASIGNA` char(1) NOT NULL,
  `CLAVE1` varchar(10) NOT NULL,
  `T_NOMBRE` varchar(60) NOT NULL,
  `T_CARGO` varchar(60) NOT NULL,
  `REMITE` varchar(200) NOT NULL,
  `TURNADO_A` varchar(200) NOT NULL,
  `R_CARGO` varchar(60) NOT NULL,
  `CLAVE2` varchar(10) NOT NULL,
  `R_AREA` varchar(60) NOT NULL,
  `N_OFICIO` varchar(45) NOT NULL,
  `TIPO_DOC` varchar(60) NOT NULL,
  `DESCRIP` longtext NOT NULL,
  `INDICA` varchar(60) NOT NULL,
  `FECHA_R` date NOT NULL,
  `RESPUESTA` varchar(250) NOT NULL,
  `NOMBRE_R` varchar(60) NOT NULL,
  `CARGO_R` varchar(60) NOT NULL,
  `NOMBRE_A` varchar(60) NOT NULL,
  `CARGO_A` varchar(60) NOT NULL,
  `ANTERIOR` varchar(60) NOT NULL,
  `CLASIFICA` varchar(20) NOT NULL,
  `CLASIFICA_N` char(3) NOT NULL,
  `CLASIFICA_L` varchar(10) NOT NULL,
  `PE` char(1) NOT NULL,
  `PROESP` varchar(250) NOT NULL,
  `ORIGINAL` char(1) NOT NULL,
  `CCP` char(1) NOT NULL,
  `USUARIO` varchar(13) NOT NULL,
  `CONTRASENA` varchar(10) NOT NULL,
  `DIA_HORA` varchar(60) NOT NULL,
  `OBSERVACIONES` longtext NOT NULL,
  `NUMERO` int(11) NOT NULL,
  `LIMITE` varchar(20) NOT NULL,
  `STATUS` varchar(50) NOT NULL,
  PRIMARY KEY (`idcontrol`),
  UNIQUE KEY `PRIMERO` (`FOLIO`,`F_RECEP`,`NUMERO`)
) ENGINE=InnoDB DEFAULT CHARSET=latin1;
/*!40101 SET character_set_client = @saved_cs_client */;

--
-- Dumping data for table `controlborrados`
--

LOCK TABLES `controlborrados` WRITE;
/*!40000 ALTER TABLE `controlborrados` DISABLE KEYS */;
/*!40000 ALTER TABLE `controlborrados` ENABLE KEYS */;
UNLOCK TABLES;

--
-- Table structure for table `documentos`
--

DROP TABLE IF EXISTS `documentos`;
/*!40101 SET @saved_cs_client     = @@character_set_client */;
/*!50503 SET character_set_client = utf8mb4 */;
CREATE TABLE `documentos` (
  `id_docu` int(11) NOT NULL AUTO_INCREMENT,
  `documento` varchar(40) DEFAULT NULL,
  PRIMARY KEY (`id_docu`)
) ENGINE=InnoDB AUTO_INCREMENT=32 DEFAULT CHARSET=latin1;
/*!40101 SET character_set_client = @saved_cs_client */;

--
-- Dumping data for table `documentos`
--

LOCK TABLES `documentos` WRITE;
/*!40000 ALTER TABLE `documentos` DISABLE KEYS */;
INSERT INTO `documentos` VALUES (1,'ACUERDO'),(2,'ATENTA NOTA'),(3,'CARTA'),(4,'CIRCULAR'),(5,'COMUNICADO'),(6,'COPIAS'),(7,'CORREO ELECTRÓNICO'),(8,'CUIDADOS MATERNOS'),(9,'ESCRITO DE PARTICULARES'),(10,'EXPEDIENTE'),(11,'FAX'),(12,'FORMATO DE SOLICITUD'),(13,'IFAI'),(14,'INVITACION'),(15,'LIC. MEDICAS ESCUELA'),(16,'LIC. MEDICAS NIVEL CENTRAL'),(17,'MEMORÁNDUM'),(18,'MINUTA'),(19,'NOTA INFORMATIVA'),(20,'OFICIO'),(21,'ORDEN DEL DÍA'),(22,'OTROS'),(23,'PERMISOS ECONOMICOS'),(24,'PRESENTACIONES'),(25,'PROPUESTAS'),(26,'RESOLUTIVO'),(27,'SOBRE'),(28,'SOLICITUD'),(29,'TARJETA'),(30,'TURNO DE LA SUBSECRETARÍA'),(31,'VOLANTES');
/*!40000 ALTER TABLE `documentos` ENABLE KEYS */;
UNLOCK TABLES;

--
-- Table structure for table `indicaciones`
--

DROP TABLE IF EXISTS `indicaciones`;
/*!40101 SET @saved_cs_client     = @@character_set_client */;
/*!50503 SET character_set_client = utf8mb4 */;
CREATE TABLE `indicaciones` (
  `id_indicacion` int(11) NOT NULL AUTO_INCREMENT,
  `indicacion` varchar(60) DEFAULT NULL,
  PRIMARY KEY (`id_indicacion`)
) ENGINE=InnoDB AUTO_INCREMENT=7 DEFAULT CHARSET=latin1;
/*!40101 SET character_set_client = @saved_cs_client */;

--
-- Dumping data for table `indicaciones`
--

LOCK TABLES `indicaciones` WRITE;
/*!40000 ALTER TABLE `indicaciones` DISABLE KEYS */;
INSERT INTO `indicaciones` VALUES (1,'PARA SU CONOCIMIENTO'),(2,'PARA SU CONOCIMIENTO Y TRAMITE'),(3,'PARA SU CONOCIMIENTO Y TRAMITE URGENTE'),(4,'PARA SU ATENCION Y TRAMITE'),(5,'PARA SU CONOCIMIENTO E INSTRUCCIONES'),(6,'PARA SU CONOCIMIENTO Y ARCHIVO');
/*!40000 ALTER TABLE `indicaciones` ENABLE KEYS */;
UNLOCK TABLES;

--
-- Table structure for table `instrucciones`
--

DROP TABLE IF EXISTS `instrucciones`;
/*!40101 SET @saved_cs_client     = @@character_set_client */;
/*!50503 SET character_set_client = utf8mb4 */;
CREATE TABLE `instrucciones` (
  `id_accion` int(11) NOT NULL AUTO_INCREMENT,
  `accion` varchar(100) DEFAULT NULL,
  PRIMARY KEY (`id_accion`)
) ENGINE=InnoDB AUTO_INCREMENT=12 DEFAULT CHARSET=latin1;
/*!40101 SET character_set_client = @saved_cs_client */;

--
-- Dumping data for table `instrucciones`
--

LOCK TABLES `instrucciones` WRITE;
/*!40000 ALTER TABLE `instrucciones` DISABLE KEYS */;
INSERT INTO `instrucciones` VALUES (1,'PREPARAR OFICIO DE RESPUESTA PARA FIRMA DE LA C. DIR. GRAL. DE OPER.'),(2,'PREPARAR OFICIO DE RESP. PARA FIRMA DEL C. COORDINADOR SECTORIAL'),(3,'ELABORAR Y ENVIAR OFICIO DE RESP. AL SOLIC. C/ COPIA AL COORD. SECT.'),(4,'PREPARAR TARJETA INFORMATIVA PARA LA C. DIR. GRAL. DE OPERACION'),(5,'ENTERAR AL C. COORDINADOR SECTORIAL MEDIANTE TARJETA INFORMATIVA'),(6,'ASISTIR EN REPRESENTACION DEL C. COORDINADOR SECTORIAL'),(7,'ACORDAR CON EL C. COORDINADOR SECTORIAL'),(8,'PARA SU OPINION'),(9,'PARA SU AMABLE ATENCION'),(10,'PARA SU CONOCIMIENTO'),(11,'ELABORAR Y ENVIAR OFICIO DE RESP. C/FIRMA DEL D.O. Y MARCAR COPIA AL COORD. SECT.');
/*!40000 ALTER TABLE `instrucciones` ENABLE KEYS */;
UNLOCK TABLES;

--
-- Table structure for table `password`
--

DROP TABLE IF EXISTS `password`;
/*!40101 SET @saved_cs_client     = @@character_set_client */;
/*!50503 SET character_set_client = utf8mb4 */;
CREATE TABLE `password` (
  `id_privilegio` int(11) NOT NULL AUTO_INCREMENT,
  `privilegio` varchar(50) DEFAULT NULL,
  `usuario` varchar(20) DEFAULT NULL,
  `contrasena` varchar(10) DEFAULT NULL,
  `id_centro` varchar(10) DEFAULT NULL,
  PRIMARY KEY (`id_privilegio`),
  UNIQUE KEY `entrada` (`id_privilegio`,`privilegio`,`usuario`,`id_centro`)
) ENGINE=InnoDB AUTO_INCREMENT=54 DEFAULT CHARSET=latin1;
/*!40101 SET character_set_client = @saved_cs_client */;

--
-- Dumping data for table `password`
--

LOCK TABLES `password` WRITE;
/*!40000 ALTER TABLE `password` DISABLE KEYS */;
INSERT INTO `password` VALUES (1,'1','LUPITA','CORDI10','99'),(2,'1','CHIVIGON','KARLA5','99'),(3,'1','OFICIALIA','OFIM4','99'),(4,'1','TANIA ARCOS','TANIAARCOS','99'),(5,'5','LETY UGALDE','SAP6','SAP'),(6,'5','LUPITA SAP','SAP5','RF'),(7,'5','AIDA','AARG1612','SAP'),(8,'5','ARGELIA','EMPLEO','-'),(9,'2','GRACIELA G.C','GRAGUZ','-'),(10,'2','JUANITA','GE01','CSES'),(11,'2','JURIDICO','DAF','-'),(12,'2','LETY','ASADM1','-'),(13,'2','ELIDEE','SAP1','-'),(14,'2','ENLACEDECOORD','SC','-'),(15,'2','ALEJANDRA S.O','ALESAN','-'),(16,'2','APOYO_TEC','GRACIELAAT','-'),(17,'2','DOLORES','LALOCURA','-'),(18,'2','CAPACITACION','CAPACITA1','-'),(19,'2','COMISIONADOS','PATY2','-'),(20,'2','COMISIONADOS','SOSA','-'),(21,'2','MARIA LUISA','DCE01','-'),(22,'2','MATERIALES','RECMAT','-'),(23,'2','NIDIA POT','NPOT','-'),(24,'2','NIVEL CENTRAL','NC1','-'),(25,'2','PLANEACION','BENITO','-'),(26,'2','PALMA_RECFIN','RECFIN01','-'),(27,'2','PRESTACIONES','SP1','-'),(28,'2','PROCESOS','ENTEC','-'),(29,'2','PROCESOS','MARIBEL','-'),(30,'2','ROSA ELENA','GESTION1','-'),(31,'2','SISTEMAS','DOS','-'),(32,'2','SOCORRO (GE)','GESTION4','-'),(33,'2','SUBEVA','SUBEVA','-'),(34,'3','JESSICA L.','ASADM3','-'),(35,'3','JUANITA','CORDI1','-'),(36,'3','KARLA','CORDI2','-'),(37,'3','KARLA AHUJA','KARLA1','-'),(38,'3','LIDIA SALAZAR','SO2','-'),(39,'3','ANITA','CORDI3','-'),(40,'3','DEP_PERSONAL','SANTY','-'),(41,'3','DANY','DANY6','-'),(42,'3','DAVID R.','DARES','-'),(43,'3','MARIA L GALAR','SESEMAN','-'),(44,'3','MARTHA','MARTHA1','-'),(45,'3','NOVENO','MITRE','-'),(46,'3','ORLANDO','DP01','-'),(47,'3','SUBCOR','SUBCOR','-'),(48,'3','SUB_OPERACION','SO1','-'),(49,'3','SUB_PERSONAL','ASADM2','-'),(50,'3','TERESA JASSO','TERJAS','-'),(51,'3','VICKI POZOS','DP02','-'),(52,'4','ESMERALDA M.','ESME2','-'),(53,'4','OFICIALIAL','OFICIALIAL','-');
/*!40000 ALTER TABLE `password` ENABLE KEYS */;
UNLOCK TABLES;

--
-- Table structure for table `rela`
--

DROP TABLE IF EXISTS `rela`;
/*!40101 SET @saved_cs_client     = @@character_set_client */;
/*!50503 SET character_set_client = utf8mb4 */;
CREATE TABLE `rela` (
  `id_rela` int(11) NOT NULL AUTO_INCREMENT,
  `folio` int(11) NOT NULL,
  `fecha` date NOT NULL,
  `tipo_docu` varchar(60) NOT NULL,
  `solisitan` varchar(60) NOT NULL,
  `clave1` varchar(10) NOT NULL,
  `turnado` varchar(200) NOT NULL,
  `tur_nom` varchar(60) NOT NULL,
  `tur_car` varchar(60) NOT NULL,
  `remite` varchar(60) NOT NULL,
  `cargo` varchar(60) NOT NULL,
  `no_oficio` varchar(20) NOT NULL,
  `describex` varchar(500) NOT NULL,
  `usuario` varchar(20) NOT NULL,
  `contrasena` varchar(10) NOT NULL,
  `dia_hora` varchar(60) NOT NULL,
  PRIMARY KEY (`id_rela`)
) ENGINE=InnoDB DEFAULT CHARSET=latin1;
/*!40101 SET character_set_client = @saved_cs_client */;

--
-- Dumping data for table `rela`
--

LOCK TABLES `rela` WRITE;
/*!40000 ALTER TABLE `rela` DISABLE KEYS */;
/*!40000 ALTER TABLE `rela` ENABLE KEYS */;
UNLOCK TABLES;

--
-- Table structure for table `utileria`
--

DROP TABLE IF EXISTS `utileria`;
/*!40101 SET @saved_cs_client     = @@character_set_client */;
/*!50503 SET character_set_client = utf8mb4 */;
CREATE TABLE `utileria` (
  `idTutilo` int(11) NOT NULL AUTO_INCREMENT,
  `titulo1` varchar(80) DEFAULT NULL,
  `titulo2` varchar(80) DEFAULT NULL,
  `titulo3` varchar(80) DEFAULT NULL,
  `titulo4` varchar(80) DEFAULT NULL,
  `titulo5` varchar(80) DEFAULT NULL,
  `titulo6` varchar(80) DEFAULT NULL,
  `titulo7` varchar(80) DEFAULT NULL,
  PRIMARY KEY (`idTutilo`)
) ENGINE=InnoDB AUTO_INCREMENT=2 DEFAULT CHARSET=latin1;
/*!40101 SET character_set_client = @saved_cs_client */;

--
-- Dumping data for table `utileria`
--

LOCK TABLES `utileria` WRITE;
/*!40000 ALTER TABLE `utileria` DISABLE KEYS */;
INSERT INTO `utileria` VALUES (1,'DIRECCIÓN GENERAL DE OPERACIÓN DE SERVICIOS EDUCATIVOS','COORDINACIÓN SECTORIAL DE EDUCACIÓN SECUNDARIA','SUBDIRECCIÓN DE ADMINISTRACIÓN Y PERSONAL','UNIDAD DE OFICIALIA DE PARTES','CONTROL DE CORRESPONDENCIA','JEFA DE LA UNIDAD DE OFICIALIA DE PARTES','C. SILVIA BAHENA HIPOLITO');
/*!40000 ALTER TABLE `utileria` ENABLE KEYS */;
UNLOCK TABLES;
/*!40103 SET TIME_ZONE=@OLD_TIME_ZONE */;

/*!40101 SET SQL_MODE=@OLD_SQL_MODE */;
/*!40014 SET FOREIGN_KEY_CHECKS=@OLD_FOREIGN_KEY_CHECKS */;
/*!40014 SET UNIQUE_CHECKS=@OLD_UNIQUE_CHECKS */;
/*!40101 SET CHARACTER_SET_CLIENT=@OLD_CHARACTER_SET_CLIENT */;
/*!40101 SET CHARACTER_SET_RESULTS=@OLD_CHARACTER_SET_RESULTS */;
/*!40101 SET COLLATION_CONNECTION=@OLD_COLLATION_CONNECTION */;
/*!40111 SET SQL_NOTES=@OLD_SQL_NOTES */;

-- Dump completed on 2024-02-14 10:20:06
